,Unnamed: 0,Unnamed: 0.1,time,twt_id,political_label,political_score,sentiment_label,sentiment_score
0,0,0,2008-10-29T00:32:27.000Z,979789022,Republican,0.9996078610420228,NEGATIVE,0.5033348798751831
1,1,1,2008-10-29T00:32:08.000Z,979788674,Democrat,0.9999964237213136,POSITIVE,0.8172474503517151
2,2,2,2008-10-29T00:31:59.000Z,979788509,Democrat,0.9989306330680848,POSITIVE,0.9412654042243958
3,3,3,2008-10-29T01:00:45.000Z,979823032,Republican,0.993946373462677,NEGATIVE,0.8956201672554016
4,4,4,2008-10-29T01:32:59.000Z,979861901,Republican,0.9999738931655884,NEGATIVE,0.7828986048698425
5,5,5,2008-10-29T01:30:04.000Z,979858228,Republican,0.9999104738235474,POSITIVE,0.9971910119056702
6,6,6,2008-10-29T02:32:01.000Z,979932501,Democrat,0.9891063570976256,NEGATIVE,0.9877145290374756
7,7,7,2008-10-29T02:31:07.000Z,979931394,Republican,0.999242067337036,NEGATIVE,0.9861814379692078
8,8,8,2008-10-29T02:30:43.000Z,979930882,Democrat,0.9677761197090148,NEGATIVE,0.9937992691993712
9,9,9,2008-10-29T02:30:22.000Z,979930468,Democrat,0.9996562004089355,NEGATIVE,0.9980039000511168
10,10,10,2008-10-29T03:31:46.000Z,979999248,Republican,0.9999858140945436,NEGATIVE,0.7555742859840393
11,11,11,2008-10-29T03:31:08.000Z,979998553,Republican,0.9991686344146729,NEGATIVE,0.9949944019317628
12,12,12,2008-10-29T03:30:32.000Z,979997921,Republican,0.9999709129333496,NEGATIVE,0.9908713698387146
13,13,13,2008-10-29T04:00:33.000Z,980029058,Republican,0.9999858140945436,NEGATIVE,0.9848589301109314
14,14,14,2008-10-29T04:00:21.000Z,980028786,Republican,0.8644074201583862,NEGATIVE,0.956126868724823
15,15,15,2008-10-29T06:00:38.000Z,980130216,Republican,0.996309220790863,POSITIVE,0.9987437129020692
16,16,16,2008-10-29T06:30:34.000Z,980150504,Democrat,0.6494762301445007,NEGATIVE,0.8437192440032959
17,17,17,2008-10-29T06:30:30.000Z,980150454,Republican,0.9759730100631714,POSITIVE,0.9479510188102722
18,18,18,2008-10-29T06:30:21.000Z,980150363,Democrat,0.9945061802864076,NEGATIVE,0.9292485117912292
19,19,19,2008-10-29T07:01:50.000Z,980170873,Democrat,0.999995231628418,NEGATIVE,0.9716407656669616
20,20,20,2008-10-29T07:00:40.000Z,980170092,Democrat,0.7092001438140869,POSITIVE,0.9905766248703004
21,21,21,2008-10-29T07:00:31.000Z,980169999,Republican,0.9714158177375792,NEGATIVE,0.9990554451942444
22,22,22,2008-10-29T07:31:25.000Z,980189445,Republican,0.9995855689048768,POSITIVE,0.9563371539115906
23,23,23,2008-10-29T08:00:17.000Z,980207883,Republican,0.9925827980041504,NEGATIVE,0.9981966614723206
24,24,24,2008-10-29T08:30:31.000Z,980227711,Democrat,0.9821951985359192,NEGATIVE,0.5714704394340515
25,25,25,2008-10-29T09:00:38.000Z,980247295,Democrat,0.999091386795044,NEGATIVE,0.9824935793876648
26,26,26,2008-10-29T10:00:39.000Z,980287887,Republican,0.9771090149879456,NEGATIVE,0.5024536848068237
27,27,27,2008-10-29T10:00:33.000Z,980287822,Republican,0.9994385838508606,NEGATIVE,0.966685950756073
28,28,28,2008-10-29T12:00:32.000Z,980384629,Republican,0.765277087688446,POSITIVE,0.997734546661377
29,29,29,2008-10-29T12:00:23.000Z,980384449,Republican,0.99992835521698,NEGATIVE,0.8979660272598267
30,30,30,2008-10-29T12:00:17.000Z,980384369,Republican,0.9924417734146118,NEGATIVE,0.694250762462616
31,31,31,2008-10-29T12:32:53.000Z,980417909,Democrat,0.9991612434387208,POSITIVE,0.5180996656417847
32,32,32,2008-10-29T12:30:26.000Z,980415178,Republican,0.7218517661094666,POSITIVE,0.9874862432479858
33,33,33,2008-10-29T13:01:34.000Z,980450557,Republican,0.9999700784683228,POSITIVE,0.9988197684288024
34,34,34,2008-10-29T13:01:08.000Z,980450073,Republican,0.987380862236023,NEGATIVE,0.9978766441345216
35,35,35,2008-10-29T13:00:32.000Z,980449251,Republican,0.9999887943267822,NEGATIVE,0.9806217551231384
36,36,36,2008-10-29T14:02:21.000Z,980532055,Democrat,0.8622707724571228,NEGATIVE,0.9969520568847656
37,37,37,2008-10-29T14:02:00.000Z,980531410,Democrat,0.9999165534973145,NEGATIVE,0.9997506737709044
38,38,38,2008-10-29T14:01:43.000Z,980531026,Republican,0.8429973721504211,NEGATIVE,0.8707237243652344
39,39,39,2008-10-29T14:01:43.000Z,980530962,Democrat,0.9999921321868896,NEGATIVE,0.9968897700309752
40,40,40,2008-10-29T14:00:33.000Z,980529234,Republican,0.9999864101409912,NEGATIVE,0.9856539368629456
41,41,41,2008-10-29T15:00:46.000Z,980619290,Republican,0.8429973721504211,NEGATIVE,0.8707237243652344
42,42,42,2008-10-29T15:32:30.000Z,980667528,Democrat,0.9923887848854064,POSITIVE,0.9940333962440492
43,43,43,2008-10-29T16:00:58.000Z,980712975,Republican,0.9918449521064758,NEGATIVE,0.9187576174736024
44,44,44,2008-10-29T16:00:31.000Z,980712129,Democrat,0.7516658306121826,NEGATIVE,0.9881010055541992
45,45,45,2008-10-29T16:30:30.000Z,980758320,Republican,0.9997270703315736,NEGATIVE,0.7845929861068726
46,46,46,2008-10-29T17:01:55.000Z,980806455,Republican,0.9999709129333496,NEGATIVE,0.9944158792495728
47,47,47,2008-10-29T17:01:55.000Z,980806453,Republican,0.9999349117279052,NEGATIVE,0.9991868138313292
48,48,48,2008-10-29T18:00:56.000Z,980891550,Republican,0.6437383890151978,NEGATIVE,0.9846912026405334
49,49,49,2008-10-29T18:00:22.000Z,980890573,Democrat,0.5379493832588196,NEGATIVE,0.9825878739356996
50,50,50,2008-10-29T18:31:24.000Z,980936157,Democrat,0.999990463256836,NEGATIVE,0.9746397137641908
51,51,51,2008-10-29T18:30:36.000Z,980934960,Republican,0.9935888051986694,POSITIVE,0.9988935589790344
52,52,52,2008-10-29T18:30:33.000Z,980934926,Republican,0.9990286827087402,NEGATIVE,0.9994316697120668
53,53,53,2008-10-29T19:01:13.000Z,980978796,Democrat,0.524509847164154,NEGATIVE,0.9972816705703736
54,54,54,2008-10-29T19:00:31.000Z,980977758,Democrat,0.7877355813980103,NEGATIVE,0.9887047410011292
55,55,55,2008-10-29T19:00:30.000Z,980977695,Republican,0.9997976422309875,NEGATIVE,0.9924957752227784
56,56,56,2008-10-29T19:32:57.000Z,981021980,Democrat,0.9999940395355223,NEGATIVE,0.9909103512763976
57,57,57,2008-10-29T19:31:45.000Z,981020247,Democrat,0.9998032450675964,NEGATIVE,0.8193609714508057
58,58,58,2008-10-29T19:30:10.000Z,981018201,Democrat,0.9982366561889648,NEGATIVE,0.9559719562530518
59,59,59,2008-10-29T19:30:02.000Z,981017982,Republican,0.6904964447021484,POSITIVE,0.917236864566803
60,60,60,2008-10-29T20:02:50.000Z,981063615,Republican,0.999542474746704,NEGATIVE,0.9867941737174988
61,61,61,2008-10-29T20:02:43.000Z,981063477,Republican,0.9999889135360718,NEGATIVE,0.9940570592880248
62,62,62,2008-10-29T20:02:10.000Z,981062712,Democrat,0.9842020273208618,POSITIVE,0.8579437136650085
63,63,63,2008-10-29T20:02:03.000Z,981062550,Democrat,0.9999959468841552,NEGATIVE,0.9976061582565308
64,64,64,2008-10-29T20:01:51.000Z,981062310,Republican,0.904658019542694,NEGATIVE,0.978679656982422
65,65,65,2008-10-29T20:01:21.000Z,981061614,Republican,0.904658019542694,NEGATIVE,0.978679656982422
66,66,66,2008-10-29T20:00:32.000Z,981060362,Republican,0.999954104423523,NEGATIVE,0.96605122089386
67,67,67,2008-10-29T20:00:09.000Z,981059643,Republican,0.9998759031295776,POSITIVE,0.7952223420143127
68,68,68,2008-10-29T20:32:42.000Z,981104509,Democrat,0.9989344477653505,POSITIVE,0.999728500843048
69,69,69,2008-10-29T20:32:21.000Z,981104001,Republican,0.6352649927139282,NEGATIVE,0.970061421394348
70,70,70,2008-10-29T20:30:46.000Z,981101800,Republican,0.99998939037323,NEGATIVE,0.9953138828277588
71,71,71,2008-10-29T21:00:56.000Z,981142793,Republican,0.6678413152694702,NEGATIVE,0.993578314781189
72,72,72,2008-10-29T21:00:47.000Z,981142617,Democrat,0.999972939491272,NEGATIVE,0.9981794357299804
73,73,73,2008-10-29T21:00:02.000Z,981141377,Democrat,0.98357093334198,NEGATIVE,0.8922677636146545
74,74,74,2008-10-29T21:32:38.000Z,981185055,Democrat,0.999859094619751,POSITIVE,0.8401056528091431
75,75,75,2008-10-29T21:31:38.000Z,981183755,Democrat,0.999760091304779,POSITIVE,0.966149091720581
76,76,76,2008-10-29T22:01:32.000Z,981222974,Republican,0.9999842643737792,NEGATIVE,0.8940938711166382
77,77,77,2008-10-29T22:01:18.000Z,981222655,Republican,0.9997630715370178,POSITIVE,0.999206840991974
78,78,78,2008-10-29T22:01:14.000Z,981222568,Democrat,0.9999864101409912,POSITIVE,0.999512791633606
79,79,79,2008-10-29T22:00:48.000Z,981221998,Democrat,0.9967681169509888,NEGATIVE,0.9962083101272584
80,80,80,2008-10-29T22:00:36.000Z,981221729,Democrat,0.9999247789382936,POSITIVE,0.9986095428466796
81,81,81,2008-10-29T22:00:31.000Z,981221578,Democrat,0.9995933175086976,POSITIVE,0.6035645604133606
82,82,82,2008-10-29T22:30:56.000Z,981260436,Democrat,0.626060962677002,NEGATIVE,0.9931640028953552
83,83,83,2008-10-29T22:30:48.000Z,981260212,Democrat,0.9996685981750488,POSITIVE,0.9860681295394896
84,84,84,2008-10-29T23:30:30.000Z,981334587,Democrat,0.7099565267562866,NEGATIVE,0.9911882877349854
85,85,85,2008-10-30T00:02:09.000Z,981372867,Republican,0.9979954957962036,NEGATIVE,0.9886569380760192
86,86,86,2008-10-30T00:00:29.000Z,981370512,Democrat,0.8982000350952148,NEGATIVE,0.5554051995277405
87,87,87,2008-10-30T00:00:06.000Z,981369884,Republican,0.937820851802826,NEGATIVE,0.997996985912323
88,88,88,2008-10-30T00:31:50.000Z,981412381,Democrat,0.9999960660934448,NEGATIVE,0.7164148688316345
89,89,89,2008-10-30T00:31:23.000Z,981411614,Republican,0.9999815225601196,POSITIVE,0.975099802017212
90,90,90,2008-10-30T00:30:22.000Z,981409918,Democrat,0.996570348739624,POSITIVE,0.97783625125885
91,91,91,2008-10-30T01:02:43.000Z,981453218,Democrat,0.9999958276748656,NEGATIVE,0.9968287348747252
92,92,92,2008-10-30T01:02:11.000Z,981452575,Republican,0.9998111128807068,NEGATIVE,0.9935837388038636
93,93,93,2008-10-30T01:01:25.000Z,981451570,Republican,0.787341296672821,POSITIVE,0.999415159225464
94,94,94,2008-10-30T01:32:52.000Z,981491108,Republican,0.99097740650177,NEGATIVE,0.9994692206382751
95,95,95,2008-10-30T01:32:07.000Z,981490191,Democrat,0.9999971389770508,NEGATIVE,0.999665141105652
96,96,96,2008-10-30T01:31:41.000Z,981489694,Democrat,0.9982408285140992,POSITIVE,0.9306252002716064
97,97,97,2008-10-30T01:30:48.000Z,981488558,Democrat,0.9860007166862488,NEGATIVE,0.9961050748825072
98,98,98,2008-10-30T02:00:51.000Z,981528186,Republican,0.9968149065971376,NEGATIVE,0.993468165397644
99,99,99,2008-10-30T02:00:49.000Z,981528111,Republican,0.9999566078186036,POSITIVE,0.9986155033111572
100,100,100,2008-10-30T02:32:05.000Z,981570096,Democrat,0.9998056292533876,NEGATIVE,0.9338778257369996
101,101,101,2008-10-30T03:01:39.000Z,981605832,Democrat,0.9988516569137572,NEGATIVE,0.998375654220581
102,102,102,2008-10-30T03:00:59.000Z,981604959,Democrat,0.9999964237213136,NEGATIVE,0.9984500408172609
103,103,103,2008-10-30T03:30:33.000Z,981638955,Republican,0.998284876346588,NEGATIVE,0.9855917692184448
104,104,104,2008-10-30T03:30:30.000Z,981638880,Republican,0.5521300435066223,NEGATIVE,0.9904274940490724
105,105,105,2008-10-30T03:30:06.000Z,981638394,Republican,0.6875714063644409,NEGATIVE,0.9383434057235718
106,106,106,2008-10-30T04:01:22.000Z,981672041,Democrat,0.8388904333114624,NEGATIVE,0.9938003420829772
107,107,107,2008-10-30T04:31:39.000Z,981702089,Democrat,0.9999960660934448,NEGATIVE,0.9984896183013916
108,108,108,2008-10-30T04:30:32.000Z,981700925,Democrat,0.9999949932098388,NEGATIVE,0.9913501739501952
109,109,109,2008-10-30T04:30:23.000Z,981700783,Democrat,0.9941983222961426,POSITIVE,0.7567272186279297
110,110,110,2008-10-30T05:00:59.000Z,981728982,Republican,0.994455873966217,POSITIVE,0.6559902429580688
111,111,111,2008-10-30T05:32:32.000Z,981754896,Democrat,0.9999886751174928,NEGATIVE,0.9958873391151428
112,112,112,2008-10-30T05:32:26.000Z,981754820,Democrat,0.9998291730880736,POSITIVE,0.999735414981842
113,113,113,2008-10-30T05:30:22.000Z,981753222,Democrat,0.9982408285140992,POSITIVE,0.9306252002716064
114,114,114,2008-10-30T06:02:03.000Z,981777075,Democrat,0.8867620825767517,POSITIVE,0.8614253401756287
115,115,115,2008-10-30T06:00:52.000Z,981776130,Democrat,0.9290476441383362,POSITIVE,0.9927849769592284
116,116,116,2008-10-30T06:00:51.000Z,981776108,Democrat,0.9572550654411316,POSITIVE,0.9900279641151428
117,117,117,2008-10-30T06:00:37.000Z,981775941,Republican,0.99995219707489,NEGATIVE,0.9292700290679932
118,118,118,2008-10-30T06:32:51.000Z,981797856,Democrat,0.9999958276748656,NEGATIVE,0.9661365151405334
119,119,119,2008-10-30T07:00:33.000Z,981815263,Democrat,0.9998592138290404,POSITIVE,0.9497232437133788
120,120,120,2008-10-30T07:32:07.000Z,981835395,Republican,0.9997593760490416,NEGATIVE,0.9950084686279296
121,121,121,2008-10-30T08:00:38.000Z,981853121,Republican,0.952082097530365,NEGATIVE,0.9940802454948424
122,122,122,2008-10-30T08:00:36.000Z,981853106,Democrat,0.9551701545715332,POSITIVE,0.9605780243873596
123,123,123,2008-10-30T09:02:36.000Z,981894095,Republican,0.999546468257904,NEGATIVE,0.9888163805007936
124,124,124,2008-10-30T09:32:18.000Z,981914379,Republican,0.986456036567688,NEGATIVE,0.9699309468269348
125,125,125,2008-10-30T09:31:57.000Z,981914138,Republican,0.9999457597732544,NEGATIVE,0.9949946403503418
126,126,126,2008-10-30T09:30:28.000Z,981913115,Democrat,0.9651622176170348,NEGATIVE,0.9914371371269226
127,127,127,2008-10-30T10:32:08.000Z,981957533,Republican,0.982527792453766,POSITIVE,0.9862831234931946
128,128,128,2008-10-30T11:01:52.000Z,981980802,Republican,0.999929428100586,POSITIVE,0.9147958159446716
129,129,129,2008-10-30T11:30:59.000Z,982005392,Republican,0.9969007968902588,NEGATIVE,0.9280096888542176
130,130,130,2008-10-30T12:01:58.000Z,982033529,Republican,0.9999536275863647,NEGATIVE,0.998248815536499
131,131,131,2008-10-30T12:32:30.000Z,982064789,Republican,0.9999877214431764,NEGATIVE,0.9738125205039978
132,132,132,2008-10-30T12:32:24.000Z,982064686,Republican,0.8435322642326355,NEGATIVE,0.9991760849952698
133,133,133,2008-10-30T12:32:26.000Z,982064674,Republican,0.9991011619567872,POSITIVE,0.5180725455284119
134,134,134,2008-10-30T13:01:38.000Z,982098947,Republican,0.9971625208854676,NEGATIVE,0.9233166575431824
135,135,135,2008-10-30T13:32:22.000Z,982138809,Democrat,0.9999734163284302,POSITIVE,0.6441019773483276
136,136,136,2008-10-30T13:31:00.000Z,982136982,Democrat,0.999995231628418,POSITIVE,0.9988813996315002
137,137,137,2008-10-30T14:30:58.000Z,982223208,Democrat,0.9988516569137572,NEGATIVE,0.998375654220581
138,138,138,2008-10-30T15:32:26.000Z,982318968,Republican,0.953496754169464,NEGATIVE,0.9947453737258912
139,139,139,2008-10-30T16:01:07.000Z,982364519,Democrat,0.9999972581863404,NEGATIVE,0.9669121503829956
140,140,140,2008-10-30T16:32:06.000Z,982413334,Republican,0.998569130897522,NEGATIVE,0.9810383915901184
141,141,141,2008-10-30T16:31:49.000Z,982412852,Democrat,0.9999849796295166,POSITIVE,0.9918209314346312
142,142,142,2008-10-30T16:30:02.000Z,982409833,Republican,0.9732971787452698,POSITIVE,0.9306581020355223
143,143,143,2008-10-30T17:02:47.000Z,982460787,Republican,0.9931344985961914,NEGATIVE,0.9980620741844176
144,144,144,2008-10-30T17:00:37.000Z,982457322,Republican,0.9999785423278807,POSITIVE,0.665361762046814
145,145,145,2008-10-30T17:32:57.000Z,982506008,Democrat,0.999996304512024,NEGATIVE,0.9066932201385498
146,146,146,2008-10-30T17:32:16.000Z,982505091,Democrat,0.7684179544448853,POSITIVE,0.999398946762085
147,147,147,2008-10-30T18:01:14.000Z,982547230,Democrat,0.9999843835830688,NEGATIVE,0.978186309337616
148,148,148,2008-10-30T18:00:51.000Z,982546652,Republican,0.9971625208854676,NEGATIVE,0.9233166575431824
149,149,149,2008-10-30T18:32:13.000Z,982591575,Republican,0.9972208738327026,NEGATIVE,0.9478116631507874
150,150,150,2008-10-30T18:30:40.000Z,982589284,Democrat,0.8898186683654785,NEGATIVE,0.9769818186759948
151,151,151,2008-10-30T18:30:37.000Z,982589242,Republican,0.9146620631217957,NEGATIVE,0.998396933078766
152,152,152,2008-10-30T19:32:46.000Z,982676012,Democrat,0.982568383216858,POSITIVE,0.988220989704132
153,153,153,2008-10-30T19:31:49.000Z,982674723,Democrat,0.987828493118286,NEGATIVE,0.9984493255615234
154,154,154,2008-10-30T19:31:33.000Z,982674380,Democrat,0.9144124984741212,POSITIVE,0.9986193180084229
155,155,155,2008-10-30T19:30:45.000Z,982673269,Republican,0.9981964230537416,NEGATIVE,0.9991664886474608
156,156,156,2008-10-30T19:30:35.000Z,982673007,Republican,0.9999891519546508,NEGATIVE,0.9981328845024108
157,157,157,2008-10-30T19:30:30.000Z,982672892,Democrat,0.7098150253295898,NEGATIVE,0.9781166315078736
158,158,158,2008-10-30T19:30:27.000Z,982672808,Democrat,0.9999430179595948,POSITIVE,0.995198667049408
159,159,159,2008-10-30T19:30:25.000Z,982672763,Republican,0.9999896287918092,NEGATIVE,0.9996873140335084
160,160,160,2008-10-30T19:30:07.000Z,982672275,Republican,0.9999896287918092,NEGATIVE,0.9996873140335084
161,161,161,2008-10-30T20:02:41.000Z,982717203,Democrat,0.996004045009613,POSITIVE,0.7435495257377625
162,162,162,2008-10-30T20:02:27.000Z,982716857,Democrat,0.9997417330741882,NEGATIVE,0.9936455488204956
163,163,163,2008-10-30T20:01:07.000Z,982714819,Democrat,0.9999964237213136,NEGATIVE,0.9924706220626832
164,164,164,2008-10-30T20:00:41.000Z,982714206,Republican,0.9795013070106506,NEGATIVE,0.998185932636261
165,165,165,2008-10-30T20:32:47.000Z,982756995,Democrat,0.9999961853027344,POSITIVE,0.8747735619544983
166,166,166,2008-10-30T20:31:39.000Z,982755334,Republican,0.9448426961898804,NEGATIVE,0.8275532126426697
167,167,167,2008-10-30T20:30:41.000Z,982753933,Republican,0.9998770952224731,NEGATIVE,0.999561607837677
168,168,168,2008-10-30T20:30:26.000Z,982753637,Republican,0.9523665308952332,POSITIVE,0.9983022212982178
169,169,169,2008-10-30T21:00:43.000Z,982794104,Democrat,0.9999850988388062,POSITIVE,0.9932577610015868
170,170,170,2008-10-30T21:00:41.000Z,982794056,Republican,0.9999264478683472,NEGATIVE,0.932309627532959
171,171,171,2008-10-30T21:00:17.000Z,982793517,Republican,0.999842882156372,NEGATIVE,0.9912843704223632
172,172,172,2008-10-30T21:31:05.000Z,982833284,Republican,0.7931320071220398,NEGATIVE,0.544392466545105
173,173,173,2008-10-30T22:02:47.000Z,982873359,Democrat,0.9999972581863404,NEGATIVE,0.6452365517616272
174,174,174,2008-10-30T22:30:50.000Z,982908098,Democrat,0.999669313430786,POSITIVE,0.99884295463562
175,175,175,2008-10-30T22:30:36.000Z,982907778,Republican,0.9992762207984924,NEGATIVE,0.9940029978752136
176,176,176,2008-10-30T23:30:27.000Z,982979982,Democrat,0.9989768266677856,NEGATIVE,0.9873702526092528
177,177,177,2008-10-30T23:30:22.000Z,982979897,Republican,0.9800876975059508,NEGATIVE,0.9700070023536682
178,178,178,2008-10-31T00:02:50.000Z,983017697,Democrat,0.9999111890792848,NEGATIVE,0.9930779337882996
179,179,179,2008-10-31T00:02:49.000Z,983017685,Republican,0.6332128047943115,POSITIVE,0.95121031999588
180,180,180,2008-10-31T00:02:22.000Z,983017122,Democrat,0.9999970197677612,POSITIVE,0.5990325212478638
181,181,181,2008-10-31T00:01:41.000Z,983016308,Republican,0.9999635219573976,NEGATIVE,0.9846162796020508
182,182,182,2008-10-31T00:01:14.000Z,983015786,Republican,0.9999068975448608,POSITIVE,0.8709033131599426
183,183,183,2008-10-31T00:31:24.000Z,983050247,Republican,0.9997679591178894,NEGATIVE,0.895512044429779
184,184,184,2008-10-31T00:30:15.000Z,983048942,Republican,0.9998910427093506,NEGATIVE,0.992298185825348
185,185,185,2008-10-31T01:02:08.000Z,983086617,Republican,0.9988226294517516,POSITIVE,0.8467257618904114
186,186,186,2008-10-31T01:00:15.000Z,983084224,Democrat,0.9835748672485352,NEGATIVE,0.9808303117752076
187,187,187,2008-10-31T01:31:54.000Z,983120667,Republican,0.9999847412109376,NEGATIVE,0.9937055706977844
188,188,188,2008-10-31T01:30:51.000Z,983119485,Republican,0.9998586177825928,NEGATIVE,0.995621383190155
189,189,189,2008-10-31T02:02:11.000Z,983155079,Democrat,0.9999955892562866,NEGATIVE,0.8985533118247986
190,190,190,2008-10-31T02:32:38.000Z,983188715,Republican,0.9996281862258912,NEGATIVE,0.9997410178184508
191,191,191,2008-10-31T03:00:47.000Z,983218758,Republican,0.9989458918571472,POSITIVE,0.8545076251029968
192,192,192,2008-10-31T03:00:44.000Z,983218702,Republican,0.8764025568962097,NEGATIVE,0.9044891595840454
193,193,193,2008-10-31T03:00:41.000Z,983218616,Republican,0.9502256512641908,POSITIVE,0.5512743592262268
194,194,194,2008-10-31T03:00:21.000Z,983218246,Republican,0.9999886751174928,NEGATIVE,0.912238836288452
195,195,195,2008-10-31T03:00:19.000Z,983218196,Republican,0.9449899792671204,POSITIVE,0.9940861463546752
196,196,196,2008-10-31T03:32:29.000Z,983250579,Republican,0.962139129638672,POSITIVE,0.9943337440490724
197,197,197,2008-10-31T03:30:28.000Z,983248478,Republican,0.9999815225601196,POSITIVE,0.8173697590827942
198,198,198,2008-10-31T03:30:11.000Z,983248156,Democrat,0.9999808073043824,POSITIVE,0.9081524610519408
199,199,199,2008-10-31T03:30:10.000Z,983248115,Republican,0.999969244003296,POSITIVE,0.9769570827484132
200,200,200,2008-10-31T04:02:53.000Z,983279225,Democrat,0.9999961853027344,NEGATIVE,0.993571162223816
201,201,201,2008-10-31T04:00:27.000Z,983276843,Democrat,0.9999924898147584,NEGATIVE,0.9933185577392578
202,202,202,2008-10-31T04:32:52.000Z,983305784,Democrat,0.9574998021125792,POSITIVE,0.9935473799705504
203,203,203,2008-10-31T04:31:08.000Z,983304281,Republican,0.9964203834533693,NEGATIVE,0.958090364933014
204,204,204,2008-10-31T05:00:30.000Z,983328869,Democrat,0.950567066669464,NEGATIVE,0.9884993433952332
205,205,205,2008-10-31T05:31:08.000Z,983345791,Republican,0.999294638633728,NEGATIVE,0.9891345500946044
206,206,206,2008-10-31T06:00:30.000Z,983366732,Democrat,0.9108586311340332,NEGATIVE,0.9963114857673644
207,207,207,2008-10-31T06:00:19.000Z,983366596,Democrat,0.999996781349182,NEGATIVE,0.9610888957977296
208,208,208,2008-10-31T06:00:05.000Z,983366329,Democrat,0.8492712378501892,NEGATIVE,0.996659517288208
209,209,209,2008-10-31T08:00:23.000Z,983445460,Democrat,0.8443607091903687,POSITIVE,0.8858324289321899
210,210,210,2008-10-31T09:02:56.000Z,983486755,Republican,0.999829888343811,NEGATIVE,0.9938712120056152
211,211,211,2008-10-31T10:02:53.000Z,983529237,Democrat,0.999996542930603,NEGATIVE,0.9950760006904602
212,212,212,2008-10-31T10:00:34.000Z,983527481,Republican,0.9927908182144164,NEGATIVE,0.9966250658035278
213,213,213,2008-10-31T10:00:33.000Z,983527461,Republican,0.8295287489891052,NEGATIVE,0.8897408843040466
214,214,214,2008-10-31T10:00:30.000Z,983527437,Democrat,0.9880082607269288,NEGATIVE,0.9988971948623656
215,215,215,2008-10-31T11:31:02.000Z,983598018,Republican,0.9998332262039183,NEGATIVE,0.9952325224876404
216,216,216,2008-10-31T11:30:58.000Z,983597951,Republican,0.8276488780975342,NEGATIVE,0.9901462197303772
217,217,217,2008-10-31T12:31:35.000Z,983657987,Republican,0.9999880790710448,POSITIVE,0.968636691570282
218,218,218,2008-10-31T12:30:11.000Z,983656431,Democrat,0.9787895083427428,NEGATIVE,0.644899308681488
219,219,219,2008-10-31T13:00:31.000Z,983692450,Democrat,0.999991536140442,POSITIVE,0.9953474402427672
220,220,220,2008-10-31T13:31:23.000Z,983732579,Republican,0.9999778270721436,NEGATIVE,0.9947983026504515
221,221,221,2008-10-31T13:31:14.000Z,983732377,Republican,0.9999891519546508,NEGATIVE,0.9288783073425292
222,222,222,2008-10-31T14:02:13.000Z,983775697,Democrat,0.999921441078186,POSITIVE,0.9949733018875122
223,223,223,2008-10-31T14:02:13.000Z,983775692,Democrat,0.9999613761901855,POSITIVE,0.996275782585144
224,224,224,2008-10-31T14:02:10.000Z,983775556,Republican,0.8695570230484009,POSITIVE,0.9886056780815125
225,225,225,2008-10-31T14:00:48.000Z,983773678,Republican,0.8946832418441772,NEGATIVE,0.9908865690231324
226,226,226,2008-10-31T14:31:24.000Z,983818615,Democrat,0.9999386072158812,NEGATIVE,0.5702937245368958
227,227,227,2008-10-31T15:02:52.000Z,983867223,Democrat,0.9744669198989868,POSITIVE,0.9890974760055542
228,228,228,2008-10-31T15:32:10.000Z,983912478,Democrat,0.99995756149292,NEGATIVE,0.987201452255249
229,229,229,2008-10-31T15:31:31.000Z,983911591,Republican,0.999974250793457,NEGATIVE,0.9429758787155152
230,230,230,2008-10-31T15:31:17.000Z,983911174,Democrat,0.999969482421875,POSITIVE,0.9821341633796692
231,231,231,2008-10-31T15:30:06.000Z,983909278,Republican,0.998826801776886,POSITIVE,0.8683764934539795
232,232,232,2008-10-31T16:01:15.000Z,983958061,Republican,0.9999738931655884,POSITIVE,0.9861057996749878
233,233,233,2008-10-31T16:00:23.000Z,983956564,Republican,0.9915097951889038,POSITIVE,0.6627957224845886
234,234,234,2008-10-31T16:32:57.000Z,984007580,Democrat,0.9999943971633912,NEGATIVE,0.9978475570678712
235,235,235,2008-10-31T16:32:35.000Z,984007087,Republican,0.9982826709747314,POSITIVE,0.9822080731391908
236,236,236,2008-10-31T16:32:33.000Z,984006950,Democrat,0.5523679852485657,NEGATIVE,0.9909488558769226
237,237,237,2008-10-31T16:32:28.000Z,984006820,Democrat,0.9999918937683104,NEGATIVE,0.9854706525802612
238,238,238,2008-10-31T16:32:01.000Z,984006131,Republican,0.771630585193634,NEGATIVE,0.9808133244514464
239,239,239,2008-10-31T17:00:45.000Z,984050622,Democrat,0.9999949932098388,NEGATIVE,0.9978392720222472
240,240,240,2008-10-31T17:32:36.000Z,984098142,Republican,0.9998342990875244,NEGATIVE,0.9934027791023254
241,241,241,2008-10-31T17:32:36.000Z,984098138,Republican,0.9980648159980774,NEGATIVE,0.9876956939697266
242,242,242,2008-10-31T17:31:57.000Z,984097162,Democrat,0.8457387685775757,NEGATIVE,0.9965813755989076
243,243,243,2008-10-31T17:30:51.000Z,984095428,Democrat,0.999858856201172,NEGATIVE,0.5914591550827026
244,244,244,2008-10-31T18:02:52.000Z,984142307,Democrat,0.9999943971633912,POSITIVE,0.8648845553398132
245,245,245,2008-10-31T18:00:41.000Z,984139083,Republican,0.9958531856536864,NEGATIVE,0.6511845588684082
246,246,246,2008-10-31T18:32:26.000Z,984184942,Republican,0.8555226922035217,NEGATIVE,0.8351637125015259
247,247,247,2008-10-31T18:31:04.000Z,984182865,Democrat,0.9999921321868896,NEGATIVE,0.66248619556427
248,248,248,2008-10-31T19:00:10.000Z,984223730,Democrat,0.9999957084655762,NEGATIVE,0.9719229936599731
249,249,249,2008-10-31T19:32:57.000Z,984271179,Republican,0.9994025230407716,NEGATIVE,0.992228090763092
250,250,250,2008-10-31T19:32:25.000Z,984270463,Democrat,0.9999938011169434,NEGATIVE,0.9924575090408324
251,251,251,2008-10-31T20:02:32.000Z,984309693,Democrat,0.9805473685264589,NEGATIVE,0.9962118864059448
252,252,252,2008-10-31T20:02:24.000Z,984309513,Democrat,0.5873744487762451,NEGATIVE,0.999046504497528
253,253,253,2008-10-31T20:01:24.000Z,984308257,Republican,0.9877625703811646,NEGATIVE,0.9947878122329712
254,254,254,2008-10-31T20:00:52.000Z,984307591,Republican,0.9992353916168212,NEGATIVE,0.9993768334388732
255,255,255,2008-10-31T20:32:14.000Z,984345872,Democrat,0.9999947547912598,POSITIVE,0.7467889785766602
256,256,256,2008-10-31T20:31:58.000Z,984345624,Republican,0.9997887015342712,NEGATIVE,0.8796444535255432
257,257,257,2008-10-31T21:30:20.000Z,984413363,Republican,0.9621791839599608,NEGATIVE,0.984995424747467
258,258,258,2008-10-31T21:30:20.000Z,984413361,Republican,0.9737548828125,NEGATIVE,0.9881941080093384
259,259,259,2008-10-31T22:02:48.000Z,984447910,Democrat,0.9999614953994752,NEGATIVE,0.99775630235672
260,260,260,2008-10-31T22:02:30.000Z,984447522,Democrat,0.9999920129776,POSITIVE,0.998519480228424
261,261,261,2008-10-31T23:02:23.000Z,984509073,Democrat,0.9999890327453612,POSITIVE,0.987802803516388
262,262,262,2008-10-31T23:01:41.000Z,984508243,Democrat,0.999907612800598,NEGATIVE,0.99845552444458
263,263,263,2008-10-31T23:00:42.000Z,984507143,Democrat,0.9997643828392028,NEGATIVE,0.8964350819587708
264,264,264,2008-10-31T23:00:13.000Z,984506542,Democrat,0.999165177345276,NEGATIVE,0.7443661093711853
265,265,265,2008-10-31T23:30:36.000Z,984542241,Democrat,0.798145055770874,POSITIVE,0.8485300540924072
266,266,266,2008-10-31T23:30:02.000Z,984541602,Republican,0.9609854221343994,NEGATIVE,0.9858076572418212
267,267,267,2008-11-01T00:02:33.000Z,984578319,Republican,0.9983556866645812,POSITIVE,0.9871122241020204
268,268,268,2008-11-01T00:30:57.000Z,984609583,Republican,0.9898176789283752,NEGATIVE,0.5932281613349915
269,269,269,2008-11-01T00:30:41.000Z,984609247,Republican,0.960734724998474,NEGATIVE,0.9917198419570924
270,270,270,2008-11-01T00:30:25.000Z,984608963,Republican,0.9995993971824646,NEGATIVE,0.9957534074783324
271,271,271,2008-11-01T01:01:10.000Z,984645842,Republican,0.9999488592147828,NEGATIVE,0.9932261109352112
272,272,272,2008-11-01T01:00:44.000Z,984645243,Democrat,0.673498272895813,NEGATIVE,0.6452050805091858
273,273,273,2008-11-01T01:00:41.000Z,984645129,Democrat,0.8373826742172241,POSITIVE,0.9172977209091188
274,274,274,2008-11-01T01:00:16.000Z,984644566,Democrat,0.9993846416473388,POSITIVE,0.999123990535736
275,275,275,2008-11-01T01:00:07.000Z,984644208,Republican,0.9999878406524658,POSITIVE,0.6128770709037781
276,276,276,2008-11-01T01:32:25.000Z,984683286,Republican,0.9897623658180236,NEGATIVE,0.9903990626335144
277,277,277,2008-11-01T01:32:07.000Z,984682926,Democrat,0.999996304512024,NEGATIVE,0.977999985218048
278,278,278,2008-11-01T02:01:23.000Z,984713383,Republican,0.9998002648353576,NEGATIVE,0.9399623274803162
279,279,279,2008-11-01T02:00:39.000Z,984712670,Republican,0.9999873638153076,NEGATIVE,0.9972793459892272
280,280,280,2008-11-01T02:31:04.000Z,984740095,Republican,0.999954104423523,NEGATIVE,0.9977810978889464
281,281,281,2008-11-01T03:01:25.000Z,984766719,Democrat,0.9999971389770508,POSITIVE,0.9970878958702089
282,282,282,2008-11-01T03:30:16.000Z,984790815,Republican,0.893887460231781,NEGATIVE,0.8965007066726685
283,283,283,2008-11-01T04:01:26.000Z,984815560,Republican,0.9989191293716432,NEGATIVE,0.7470813393592834
284,284,284,2008-11-01T04:01:24.000Z,984815538,Republican,0.9632965326309204,NEGATIVE,0.9997290968894958
285,285,285,2008-11-01T04:00:33.000Z,984814818,Republican,0.9998819828033448,POSITIVE,0.6700950860977173
286,286,286,2008-11-01T04:00:03.000Z,984814310,Republican,0.999683141708374,NEGATIVE,0.9794812202453612
287,287,287,2008-11-01T04:31:32.000Z,984838838,Democrat,0.99999737739563,POSITIVE,0.9475241899490356
288,288,288,2008-11-01T04:31:25.000Z,984838717,Democrat,0.9999960660934448,POSITIVE,0.994271755218506
289,289,289,2008-11-01T04:30:24.000Z,984837748,Republican,0.9991471767425536,POSITIVE,0.921440601348877
290,290,290,2008-11-01T04:30:20.000Z,984837697,Republican,0.8677710890769958,NEGATIVE,0.981864094734192
291,291,291,2008-11-01T04:30:02.000Z,984837342,Democrat,0.8884848952293396,NEGATIVE,0.9963847398757936
292,292,292,2008-11-01T05:01:26.000Z,984865630,Republican,0.999014139175415,NEGATIVE,0.9946050047874452
293,293,293,2008-11-01T05:00:40.000Z,984864957,Democrat,0.5827598571777344,NEGATIVE,0.9973135590553284
294,294,294,2008-11-01T05:00:08.000Z,984864430,Democrat,0.9999929666519164,POSITIVE,0.996687948703766
295,295,295,2008-11-01T06:01:57.000Z,984905335,Democrat,0.9999971389770508,POSITIVE,0.9896852970123292
296,296,296,2008-11-01T06:00:34.000Z,984904501,Republican,0.96159029006958,POSITIVE,0.9974374771118164
297,297,297,2008-11-01T07:31:28.000Z,984953141,Democrat,0.9581950902938844,POSITIVE,0.5267660617828369
298,298,298,2008-11-01T08:30:16.000Z,984981549,Democrat,0.9999271631240844,POSITIVE,0.99007248878479
299,299,299,2008-11-01T11:31:30.000Z,985077169,Democrat,0.9999966621398926,NEGATIVE,0.991081714630127
300,300,300,2008-11-01T12:31:47.000Z,985113970,Democrat,0.612187385559082,NEGATIVE,0.9923451542854308
301,301,301,2008-11-01T13:02:58.000Z,985135839,Republican,0.9993591904640198,POSITIVE,0.6817483305931091
302,302,302,2008-11-01T14:02:16.000Z,985184179,Republican,0.9568778872489928,NEGATIVE,0.9983080625534058
303,303,303,2008-11-01T14:01:33.000Z,985183510,Democrat,0.9917591214179992,NEGATIVE,0.6765353679656982
304,304,304,2008-11-01T14:31:48.000Z,985211037,Democrat,0.9794129133224488,NEGATIVE,0.9978243112564088
305,305,305,2008-11-01T14:31:43.000Z,985210940,Democrat,0.9794129133224488,NEGATIVE,0.9978243112564088
306,306,306,2008-11-01T15:02:28.000Z,985241019,Republican,0.9220948815345764,NEGATIVE,0.997841477394104
307,307,307,2008-11-01T15:32:05.000Z,985271233,Republican,0.8525882363319397,POSITIVE,0.5303112864494324
308,308,308,2008-11-01T16:02:08.000Z,985302826,Democrat,0.5932822227478027,POSITIVE,0.9030163288116456
309,309,309,2008-11-01T16:01:35.000Z,985302211,Democrat,0.9998351335525512,NEGATIVE,0.9731033444404602
310,310,310,2008-11-01T16:32:52.000Z,985334970,Republican,0.6494957804679871,NEGATIVE,0.9716119170188904
311,311,311,2008-11-01T16:32:37.000Z,985334701,Democrat,0.9999966621398926,NEGATIVE,0.998381495475769
312,312,312,2008-11-01T16:30:27.000Z,985332392,Democrat,0.9906506538391112,NEGATIVE,0.9525651931762696
313,313,313,2008-11-01T16:30:02.000Z,985331857,Republican,0.9999877214431764,POSITIVE,0.9055980443954468
314,314,314,2008-11-01T17:02:59.000Z,985366641,Republican,0.99998939037323,POSITIVE,0.9991004467010498
315,315,315,2008-11-01T17:01:34.000Z,985365146,Republican,0.9999709129333496,POSITIVE,0.9866655468940736
316,316,316,2008-11-01T18:02:42.000Z,985425464,Republican,0.9718447327613832,NEGATIVE,0.97603839635849
317,317,317,2008-11-01T18:02:42.000Z,985425463,Republican,0.9405361413955688,NEGATIVE,0.5617865324020386
318,318,318,2008-11-01T18:32:20.000Z,985452662,Republican,0.9930745363235474,NEGATIVE,0.9773381948471068
319,319,319,2008-11-01T18:32:20.000Z,985452661,Republican,0.9437351822853088,NEGATIVE,0.7716002464294434
320,320,320,2008-11-01T18:30:54.000Z,985451366,Democrat,0.9998542070388794,POSITIVE,0.9815077185630798
321,321,321,2008-11-01T19:02:43.000Z,985480841,Democrat,0.9419115781784058,NEGATIVE,0.9989815354347228
322,322,322,2008-11-01T19:01:38.000Z,985479766,Republican,0.9989575147628784,NEGATIVE,0.9557011127471924
323,323,323,2008-11-01T19:00:38.000Z,985478810,Republican,0.9999836683273317,POSITIVE,0.9797973036766052
324,324,324,2008-11-01T19:32:41.000Z,985507803,Democrat,0.9996324777603148,POSITIVE,0.997900128364563
325,325,325,2008-11-01T19:31:35.000Z,985506820,Democrat,0.999993085861206,NEGATIVE,0.914237380027771
326,326,326,2008-11-01T20:02:01.000Z,985533704,Republican,0.999964952468872,NEGATIVE,0.958410620689392
327,327,327,2008-11-01T20:30:56.000Z,985558359,Republican,0.8676901459693909,POSITIVE,0.9841240048408508
328,328,328,2008-11-01T21:00:38.000Z,985587482,Democrat,0.9999971389770508,NEGATIVE,0.8932897448539734
329,329,329,2008-11-01T21:32:12.000Z,985614474,Republican,0.9998860359191896,POSITIVE,0.9899744391441344
330,330,330,2008-11-01T22:01:49.000Z,985640266,Republican,0.978606939315796,NEGATIVE,0.9758042693138124
331,331,331,2008-11-01T22:01:49.000Z,985640265,Republican,0.9247124195098876,NEGATIVE,0.7663238048553467
332,332,332,2008-11-01T22:01:37.000Z,985640084,Republican,0.9999547004699708,NEGATIVE,0.974474549293518
333,333,333,2008-11-01T22:00:00.000Z,985638555,Democrat,0.9210854768753052,NEGATIVE,0.94383442401886
334,334,334,2008-11-01T22:00:00.000Z,985638515,Democrat,0.9999914169311525,NEGATIVE,0.6814326047897339
335,335,335,2008-11-01T22:32:17.000Z,985665828,Republican,0.9999394416809082,NEGATIVE,0.9940372705459596
336,336,336,2008-11-01T22:31:41.000Z,985665333,Democrat,0.66506028175354,POSITIVE,0.9637247323989868
337,337,337,2008-11-01T22:30:36.000Z,985664447,Democrat,0.999996781349182,NEGATIVE,0.9962527751922609
338,338,338,2008-11-01T23:02:20.000Z,985691296,Republican,0.989111602306366,NEGATIVE,0.995805025100708
339,339,339,2008-11-01T23:00:49.000Z,985690001,Republican,0.9999880790710448,POSITIVE,0.9902780652046204
340,340,340,2008-11-01T23:00:27.000Z,985689691,Republican,0.9999879598617554,POSITIVE,0.99543035030365
341,341,341,2008-11-02T00:00:34.000Z,985740913,Republican,0.932093858718872,NEGATIVE,0.9418673515319824
342,342,342,2008-11-02T00:00:32.000Z,985740888,Democrat,0.995390772819519,POSITIVE,0.9928816556930542
343,343,343,2008-11-02T00:00:16.000Z,985740508,Republican,0.955428183078766,POSITIVE,0.8907470107078552
344,344,344,2008-11-02T00:32:45.000Z,985772169,Democrat,0.9999874830245972,POSITIVE,0.999805748462677
345,345,345,2008-11-02T00:32:31.000Z,985771970,Democrat,0.6069841980934143,POSITIVE,0.7924402356147766
346,346,346,2008-11-02T00:30:37.000Z,985770257,Democrat,0.9971628785133362,POSITIVE,0.9246195554733276
347,347,347,2008-11-02T01:02:14.000Z,985797522,Democrat,0.9999359846115112,NEGATIVE,0.989026129245758
348,348,348,2008-11-02T01:00:36.000Z,985796077,Republican,0.99982088804245,POSITIVE,0.98964124917984
349,349,349,2008-11-02T01:00:10.000Z,985795575,Republican,0.9981009364128112,POSITIVE,0.997208297252655
350,350,350,2008-11-02T01:00:10.000Z,985795517,Democrat,0.6456670165061951,POSITIVE,0.9946255087852478
351,351,351,2008-11-02T02:01:40.000Z,985851283,Democrat,0.9999927282333374,NEGATIVE,0.92520409822464
352,352,352,2008-11-02T02:32:08.000Z,985884021,Democrat,0.9999212026596068,NEGATIVE,0.951102077960968
353,353,353,2008-11-02T02:31:47.000Z,985883607,Republican,0.999987244606018,NEGATIVE,0.9980862140655518
354,354,354,2008-11-02T02:31:47.000Z,985883606,Republican,0.9999617338180542,NEGATIVE,0.998213529586792
355,355,355,2008-11-02T02:30:09.000Z,985881722,Democrat,0.9999969005584716,POSITIVE,0.9970121383666992
356,356,356,2008-11-02T03:32:57.000Z,985939971,Republican,0.998930037021637,POSITIVE,0.9500609636306764
357,357,357,2008-11-02T03:32:40.000Z,985939699,Democrat,0.999996304512024,NEGATIVE,0.953186333179474
358,358,358,2008-11-02T03:32:37.000Z,985939666,Republican,0.9684863090515136,POSITIVE,0.8533651232719421
359,359,359,2008-11-02T03:32:27.000Z,985939496,Republican,0.999200403690338,NEGATIVE,0.7511752247810364
360,360,360,2008-11-02T03:32:09.000Z,985939262,Democrat,0.5797839760780334,POSITIVE,0.9734082221984864
361,361,361,2008-11-02T03:32:04.000Z,985939181,Republican,0.9945387244224548,POSITIVE,0.851421594619751
362,362,362,2008-11-02T03:31:46.000Z,985938951,Democrat,0.9996212720870972,POSITIVE,0.9955607652664183
363,363,363,2008-11-02T03:31:45.000Z,985938939,Democrat,0.9893250465393066,POSITIVE,0.9981138706207277
364,364,364,2008-11-02T03:31:33.000Z,985938755,Democrat,0.998104453086853,POSITIVE,0.6832285523414612
365,365,365,2008-11-02T03:31:32.000Z,985938734,Democrat,0.999990940093994,POSITIVE,0.9996654987335204
366,366,366,2008-11-02T03:31:27.000Z,985938667,Democrat,0.9999921321868896,NEGATIVE,0.5210170149803162
367,367,367,2008-11-02T03:30:53.000Z,985938162,Democrat,0.9999929666519164,NEGATIVE,0.9984379410743712
368,368,368,2008-11-02T03:30:52.000Z,985938159,Democrat,0.9999958276748656,POSITIVE,0.7666327953338623
369,369,369,2008-11-02T03:30:50.000Z,985938125,Democrat,0.998286783695221,NEGATIVE,0.997159481048584
370,370,370,2008-11-02T03:30:50.000Z,985938124,Republican,0.9997705817222596,NEGATIVE,0.9936832189559937
371,371,371,2008-11-02T03:30:50.000Z,985938122,Democrat,0.9999860525131226,POSITIVE,0.9989745616912842
372,372,372,2008-11-02T03:30:47.000Z,985938084,Democrat,0.9999939203262328,NEGATIVE,0.9926589131355286
373,373,373,2008-11-02T03:30:45.000Z,985938054,Republican,0.9492306113243104,NEGATIVE,0.6198810338973999
374,374,374,2008-11-02T03:30:42.000Z,985937999,Democrat,0.9998462200164796,POSITIVE,0.8063714504241943
375,375,375,2008-11-02T03:30:41.000Z,985937997,Democrat,0.9886017441749572,NEGATIVE,0.5412529110908508
376,376,376,2008-11-02T03:30:41.000Z,985937990,Republican,0.9999845027923584,NEGATIVE,0.9381306171417236
377,377,377,2008-11-02T03:30:37.000Z,985937936,Democrat,0.99254310131073,NEGATIVE,0.9948543906211852
378,378,378,2008-11-02T03:30:35.000Z,985937881,Democrat,0.9998700618743896,NEGATIVE,0.9634242057800292
379,379,379,2008-11-02T03:30:34.000Z,985937877,Democrat,0.9999885559082032,NEGATIVE,0.9987486600875854
380,380,380,2008-11-02T03:30:34.000Z,985937875,Republican,0.9999364614486694,NEGATIVE,0.9874916076660156
381,381,381,2008-11-02T03:30:33.000Z,985937863,Republican,0.9998972415924072,POSITIVE,0.8166971802711487
382,382,382,2008-11-02T03:30:32.000Z,985937856,Democrat,0.999994158744812,NEGATIVE,0.998235821723938
383,383,383,2008-11-02T03:30:30.000Z,985937830,Republican,0.9537786245346068,NEGATIVE,0.9841432571411132
384,384,384,2008-11-02T03:30:23.000Z,985937700,Democrat,0.9945329427719116,NEGATIVE,0.991740584373474
385,385,385,2008-11-02T03:30:17.000Z,985937592,Democrat,0.9999959468841552,POSITIVE,0.9628194570541382
386,386,386,2008-11-02T03:30:12.000Z,985937513,Republican,0.9999833106994628,NEGATIVE,0.991690158843994
387,387,387,2008-11-02T04:02:05.000Z,985966545,Republican,0.9719663262367249,POSITIVE,0.992784023284912
388,388,388,2008-11-02T04:00:42.000Z,985965377,Republican,0.999204695224762,NEGATIVE,0.9957771301269532
389,389,389,2008-11-02T04:00:20.000Z,985965021,Democrat,0.9999949932098388,POSITIVE,0.9678282737731934
390,390,390,2008-11-02T04:00:18.000Z,985964998,Democrat,0.9934529066085817,NEGATIVE,0.9560890793800354
391,391,391,2008-11-02T04:00:07.000Z,985964741,Republican,0.9807509183883668,NEGATIVE,0.9841396808624268
392,392,392,2008-11-02T04:00:01.000Z,985964542,Democrat,0.9989227652549744,POSITIVE,0.7632426619529724
393,393,393,2008-11-02T04:32:35.000Z,985991166,Democrat,0.9995214939117432,NEGATIVE,0.998281717300415
394,394,394,2008-11-02T04:32:34.000Z,985991156,Republican,0.7876145839691162,POSITIVE,0.9994902610778807
395,395,395,2008-11-02T04:31:37.000Z,985990393,Democrat,0.9999966621398926,NEGATIVE,0.9969301819801332
396,396,396,2008-11-02T04:31:32.000Z,985990324,Republican,0.9999805688858032,NEGATIVE,0.8072530627250671
397,397,397,2008-11-02T04:30:33.000Z,985989534,Democrat,0.999951958656311,POSITIVE,0.9997959733009338
398,398,398,2008-11-02T05:02:32.000Z,986012951,Democrat,0.9989689588546752,NEGATIVE,0.9968066215515136
399,399,399,2008-11-02T05:02:20.000Z,986012802,Democrat,0.9999966621398926,POSITIVE,0.9211859107017516
400,400,400,2008-11-02T05:01:22.000Z,986012147,Republican,0.999940037727356,NEGATIVE,0.999788224697113
401,401,401,2008-11-02T05:01:01.000Z,986011860,Democrat,0.9999072551727296,NEGATIVE,0.9996734857559204
402,402,402,2008-11-02T05:00:47.000Z,986011694,Democrat,0.99996817111969,NEGATIVE,0.99544095993042
403,403,403,2008-11-02T05:00:43.000Z,986011648,Democrat,0.9998620748519896,NEGATIVE,0.9979673027992249
404,404,404,2008-11-02T05:00:15.000Z,986011289,Democrat,0.9999914169311525,NEGATIVE,0.6814326047897339
405,405,405,2008-11-02T06:32:42.000Z,986074016,Democrat,0.6831761598587036,NEGATIVE,0.5044323801994324
406,406,406,2008-11-02T06:32:20.000Z,986073817,Democrat,0.8560259342193604,POSITIVE,0.989313542842865
407,407,407,2008-11-02T06:30:57.000Z,986073030,Republican,0.8766995072364807,NEGATIVE,0.952469766139984
408,408,408,2008-11-02T06:30:46.000Z,986072930,Democrat,0.9999901056289672,POSITIVE,0.9977860450744628
409,409,409,2008-11-02T06:30:31.000Z,986072769,Democrat,0.9998083710670472,POSITIVE,0.9992560744285583
410,410,410,2008-11-02T06:30:19.000Z,986072603,Democrat,0.9998325109481812,NEGATIVE,0.9909369349479676
411,411,411,2008-11-02T07:00:43.000Z,986089071,Republican,0.9998714923858644,NEGATIVE,0.9995014667510986
412,412,412,2008-11-02T07:00:33.000Z,986088984,Democrat,0.9999958276748656,NEGATIVE,0.9956830739974976
413,413,413,2008-11-02T07:32:56.000Z,986106706,Republican,0.9687045216560364,NEGATIVE,0.998961329460144
414,414,414,2008-11-02T07:32:56.000Z,986106698,Democrat,0.5685352087020874,NEGATIVE,0.8888874650001526
415,415,415,2008-11-02T07:32:43.000Z,986106521,Democrat,0.9999716281890868,NEGATIVE,0.9932809472084044
416,416,416,2008-11-02T07:31:34.000Z,986105691,Democrat,0.9999661445617676,POSITIVE,0.8137784600257874
417,417,417,2008-11-02T07:31:05.000Z,986105316,Democrat,0.9037992358207704,POSITIVE,0.9373902678489684
418,418,418,2008-11-02T07:30:18.000Z,986104700,Democrat,0.8679150342941284,POSITIVE,0.994368612766266
419,419,419,2008-11-02T08:01:32.000Z,986124842,Republican,0.9766428470611572,POSITIVE,0.9786198735237122
420,420,420,2008-11-02T08:00:42.000Z,986124403,Republican,0.9997254014015198,NEGATIVE,0.9995211362838744
421,421,421,2008-11-02T08:00:40.000Z,986124385,Republican,0.99982088804245,POSITIVE,0.98964124917984
422,422,422,2008-11-02T08:00:29.000Z,986124286,Democrat,0.9999628067016602,POSITIVE,0.9993042945861816
423,423,423,2008-11-02T08:00:05.000Z,986124002,Republican,0.9981009364128112,POSITIVE,0.997208297252655
424,424,424,2008-11-02T08:32:10.000Z,986139188,Republican,0.9999887943267822,POSITIVE,0.900339663028717
425,425,425,2008-11-02T09:02:36.000Z,986153261,Republican,0.9704449772834778,NEGATIVE,0.993202030658722
426,426,426,2008-11-02T09:01:30.000Z,986152734,Democrat,0.9999653100967408,POSITIVE,0.885571300983429
427,427,427,2008-11-02T09:00:45.000Z,986152360,Democrat,0.999976634979248,POSITIVE,0.918247401714325
428,428,428,2008-11-02T09:32:07.000Z,986166750,Republican,0.6239026188850403,NEGATIVE,0.9950807094573976
429,429,429,2008-11-02T10:02:59.000Z,986180850,Republican,0.9999613761901855,NEGATIVE,0.9975812435150146
430,430,430,2008-11-02T10:01:09.000Z,986179975,Democrat,0.9995747208595276,POSITIVE,0.689164936542511
431,431,431,2008-11-02T10:00:39.000Z,986179727,Republican,0.9987577199935912,NEGATIVE,0.975605607032776
432,432,432,2008-11-02T10:00:30.000Z,986179645,Democrat,0.9815387725830078,POSITIVE,0.9200937747955322
433,433,433,2008-11-02T12:31:11.000Z,986258515,Democrat,0.9999467134475708,POSITIVE,0.8771830201148987
434,434,434,2008-11-02T12:31:04.000Z,986258412,Republican,0.9999765157699584,POSITIVE,0.99883633852005
435,435,435,2008-11-02T12:30:45.000Z,986258239,Republican,0.7461079955101013,POSITIVE,0.9291943907737732
436,436,436,2008-11-02T12:30:41.000Z,986258192,Republican,0.647867739200592,POSITIVE,0.9028888940811156
437,437,437,2008-11-02T12:30:36.000Z,986258114,Republican,0.9985478520393372,NEGATIVE,0.5962021946907043
438,438,438,2008-11-02T12:30:34.000Z,986258090,Democrat,0.739265501499176,POSITIVE,0.9319210648536682
439,439,439,2008-11-02T12:30:13.000Z,986257850,Democrat,0.9950225353240968,POSITIVE,0.9678581953048706
440,440,440,2008-11-02T13:01:34.000Z,986279530,Democrat,0.9996610879898072,POSITIVE,0.8651251196861267
441,441,441,2008-11-02T13:32:52.000Z,986301827,Democrat,0.9999969005584716,POSITIVE,0.999562442302704
442,442,442,2008-11-02T13:32:03.000Z,986301203,Democrat,0.8786907196044922,NEGATIVE,0.9682596921920776
443,443,443,2008-11-02T13:32:03.000Z,986301201,Democrat,0.773998498916626,NEGATIVE,0.9646189212799072
444,444,444,2008-11-02T13:30:29.000Z,986300023,Republican,0.9817257523536682,POSITIVE,0.8069232106208801
445,445,445,2008-11-02T14:02:23.000Z,986324865,Republican,0.9892311692237854,NEGATIVE,0.9636632800102234
446,446,446,2008-11-02T14:32:59.000Z,986350569,Democrat,0.9974731802940368,NEGATIVE,0.9137156009674072
447,447,447,2008-11-02T14:31:45.000Z,986349553,Democrat,0.9999945163726808,POSITIVE,0.9706261157989502
448,448,448,2008-11-02T14:31:32.000Z,986349394,Democrat,0.9999966621398926,POSITIVE,0.616615891456604
449,449,449,2008-11-02T15:00:36.000Z,986375534,Democrat,0.9999961853027344,POSITIVE,0.9990054965019226
450,450,450,2008-11-02T15:32:53.000Z,986406570,Democrat,0.9999966621398926,POSITIVE,0.9994995594024658
451,451,451,2008-11-02T16:02:58.000Z,986436124,Democrat,0.860636293888092,NEGATIVE,0.9759151935577391
452,452,452,2008-11-02T16:02:50.000Z,986436011,Republican,0.9973182082176208,NEGATIVE,0.872934103012085
453,453,453,2008-11-02T16:02:49.000Z,986435996,Republican,0.9999842643737792,POSITIVE,0.6317469477653503
454,454,454,2008-11-02T16:02:49.000Z,986435984,Democrat,0.9999943971633912,POSITIVE,0.99968159198761
455,455,455,2008-11-02T16:02:18.000Z,986435493,Democrat,0.999996542930603,NEGATIVE,0.9431104063987732
456,456,456,2008-11-02T16:01:39.000Z,986434795,Democrat,0.9812679886817932,POSITIVE,0.9993932247161864
457,457,457,2008-11-02T16:00:29.000Z,986433619,Republican,0.9931024312973022,NEGATIVE,0.9693592190742492
458,458,458,2008-11-02T16:00:06.000Z,986433058,Republican,0.6344726085662842,NEGATIVE,0.8193278312683105
459,459,459,2008-11-02T16:31:33.000Z,986464994,Democrat,0.9999972581863404,POSITIVE,0.9942432045936584
460,460,460,2008-11-02T16:30:32.000Z,986463854,Democrat,0.5070114135742188,NEGATIVE,0.9822731614112854
461,461,461,2008-11-02T17:02:38.000Z,986497354,Democrat,0.9866227507591248,NEGATIVE,0.9901092052459716
462,462,462,2008-11-02T17:01:56.000Z,986496551,Republican,0.9790011048316956,NEGATIVE,0.993790566921234
463,463,463,2008-11-02T17:01:13.000Z,986495797,Democrat,0.9579091668128968,NEGATIVE,0.9991503953933716
464,464,464,2008-11-02T17:01:04.000Z,986495669,Democrat,0.9931594133377076,POSITIVE,0.9347977638244628
465,465,465,2008-11-02T17:00:34.000Z,986495043,Republican,0.9992220401763916,POSITIVE,0.99850732088089
466,466,466,2008-11-02T17:00:30.000Z,986494956,Democrat,0.999996781349182,NEGATIVE,0.9962527751922609
467,467,467,2008-11-02T17:00:28.000Z,986494921,Republican,0.9994644522666932,POSITIVE,0.9962992072105408
468,468,468,2008-11-02T17:32:49.000Z,986529070,Republican,0.7688080072402954,POSITIVE,0.9855695366859436
469,469,469,2008-11-02T18:02:50.000Z,986559784,Republican,0.999692440032959,NEGATIVE,0.9618259072303772
470,470,470,2008-11-02T18:01:07.000Z,986557905,Democrat,0.5076261162757874,POSITIVE,0.9963595271110536
471,471,471,2008-11-02T18:32:53.000Z,986590026,Democrat,0.9999176263809204,POSITIVE,0.999850869178772
472,472,472,2008-11-02T18:32:51.000Z,986590009,Democrat,0.5620966553688049,POSITIVE,0.9975067973136902
473,473,473,2008-11-02T18:31:55.000Z,986588916,Republican,0.9999679327011108,NEGATIVE,0.9946792125701904
474,474,474,2008-11-02T18:30:39.000Z,986587649,Democrat,0.887782871723175,NEGATIVE,0.9934212565422058
475,475,475,2008-11-02T19:31:06.000Z,986655206,Republican,0.5727065205574036,POSITIVE,0.9589718580245972
476,476,476,2008-11-02T20:00:43.000Z,986682707,Democrat,0.9987874627113342,POSITIVE,0.9921208620071412
477,477,477,2008-11-02T20:32:20.000Z,986711358,Democrat,0.9999762773513794,POSITIVE,0.8328442573547363
478,478,478,2008-11-02T20:31:08.000Z,986710208,Democrat,0.9999947547912598,NEGATIVE,0.9431683421134948
479,479,479,2008-11-02T20:30:19.000Z,986709359,Republican,0.6023890972137451,POSITIVE,0.5213363170623779
480,480,480,2008-11-02T21:31:06.000Z,986767530,Republican,0.9999529123306274,NEGATIVE,0.635654628276825
481,481,481,2008-11-02T22:02:54.000Z,986797762,Republican,0.9999748468399048,NEGATIVE,0.989043354988098
482,482,482,2008-11-02T22:02:32.000Z,986797390,Democrat,0.9999780654907228,POSITIVE,0.9998384714126588
483,483,483,2008-11-02T22:01:58.000Z,986796812,Republican,0.9252800345420836,NEGATIVE,0.9757947325706482
484,484,484,2008-11-02T22:01:58.000Z,986796811,Republican,0.7369896769523621,NEGATIVE,0.7945697903633118
485,485,485,2008-11-02T22:01:47.000Z,986796667,Republican,0.9999781847000122,NEGATIVE,0.9196786880493164
486,486,486,2008-11-02T22:00:58.000Z,986795913,Republican,0.9987698197364808,NEGATIVE,0.9978650212287904
487,487,487,2008-11-02T22:32:54.000Z,986834940,Democrat,0.999996542930603,NEGATIVE,0.942996382713318
488,488,488,2008-11-02T22:31:56.000Z,986833978,Democrat,0.9992027878761292,POSITIVE,0.9985148310661316
489,489,489,2008-11-02T22:31:47.000Z,986833826,Democrat,0.999996542930603,NEGATIVE,0.942996382713318
490,490,490,2008-11-02T22:31:00.000Z,986833048,Democrat,0.999990940093994,POSITIVE,0.9951987862586976
491,491,491,2008-11-02T22:30:42.000Z,986832750,Democrat,0.9803926348686218,POSITIVE,0.9729193449020386
492,492,492,2008-11-02T22:30:02.000Z,986831988,Democrat,0.999990463256836,NEGATIVE,0.8245564699172974
493,493,493,2008-11-02T23:01:59.000Z,986864258,Democrat,0.999984860420227,NEGATIVE,0.9822678565979004
494,494,494,2008-11-02T23:01:40.000Z,986863942,Democrat,0.9489690065383912,NEGATIVE,0.9823251962661744
495,495,495,2008-11-02T23:32:00.000Z,986894209,Democrat,0.9984509944915771,POSITIVE,0.9997908473014832
496,496,496,2008-11-02T23:31:09.000Z,986893382,Democrat,0.99999737739563,NEGATIVE,0.8275927305221558
497,497,497,2008-11-02T23:30:21.000Z,986892573,Republican,0.6208438277244568,POSITIVE,0.9996957778930664
498,498,498,2008-11-03T00:01:00.000Z,986922615,Democrat,0.975375771522522,NEGATIVE,0.9993846416473388
499,499,499,2008-11-03T00:32:03.000Z,986953145,Republican,0.9999284744262696,POSITIVE,0.993845760822296
500,500,500,2008-11-03T00:30:22.000Z,986951621,Democrat,0.9982613921165466,NEGATIVE,0.9107095003128052
501,501,501,2008-11-03T01:00:16.000Z,986979900,Democrat,0.9985540509223938,POSITIVE,0.9776625633239746
502,502,502,2008-11-03T01:31:34.000Z,987010053,Republican,0.9995068311691284,NEGATIVE,0.975848913192749
503,503,503,2008-11-03T02:02:53.000Z,987040277,Republican,0.999980926513672,POSITIVE,0.9945245981216432
504,504,504,2008-11-03T02:00:24.000Z,987037814,Republican,0.9945823550224304,NEGATIVE,0.9969430565834044
505,505,505,2008-11-03T02:00:03.000Z,987037337,Democrat,0.9999866485595704,POSITIVE,0.9998595714569092
506,506,506,2008-11-03T03:02:37.000Z,987096400,Democrat,0.9994233846664428,NEGATIVE,0.9961090683937072
507,507,507,2008-11-03T03:01:38.000Z,987095453,Democrat,0.999996781349182,NEGATIVE,0.9471031427383424
508,508,508,2008-11-03T03:32:26.000Z,987124437,Democrat,0.5697672367095947,NEGATIVE,0.7002960443496704
509,509,509,2008-11-03T03:31:39.000Z,987123750,Republican,0.999930739402771,POSITIVE,0.979970932006836
510,510,510,2008-11-03T03:30:55.000Z,987123061,Republican,0.9862724542617798,POSITIVE,0.9986310601234436
511,511,511,2008-11-03T04:32:44.000Z,987184248,Democrat,0.9999818801879884,POSITIVE,0.9777570366859436
512,512,512,2008-11-03T04:32:33.000Z,987184114,Republican,0.997377872467041,NEGATIVE,0.9754894971847534
513,513,513,2008-11-03T04:31:03.000Z,987182836,Republican,0.6592103838920593,POSITIVE,0.9752368330955504
514,514,514,2008-11-03T04:30:46.000Z,987182576,Democrat,0.6409648656845093,POSITIVE,0.9869814515113832
515,515,515,2008-11-03T04:30:32.000Z,987182412,Republican,0.9791107773780824,NEGATIVE,0.8286586999893188
516,516,516,2008-11-03T04:30:26.000Z,987182313,Republican,0.9991084933280944,POSITIVE,0.9970500469207764
517,517,517,2008-11-03T04:30:01.000Z,987181883,Republican,0.999966025352478,POSITIVE,0.9244555830955504
518,518,518,2008-11-03T05:30:37.000Z,987232579,Democrat,0.8711045384407043,NEGATIVE,0.9614842534065248
519,519,519,2008-11-03T05:30:37.000Z,987232565,Republican,0.9999624490737916,POSITIVE,0.911148488521576
520,520,520,2008-11-03T05:30:34.000Z,987232529,Democrat,0.999990463256836,NEGATIVE,0.8245564699172974
521,521,521,2008-11-03T05:30:30.000Z,987232491,Republican,0.910714030265808,NEGATIVE,0.9822431802749634
522,522,522,2008-11-03T06:01:34.000Z,987255349,Democrat,0.8711181282997131,NEGATIVE,0.984855592250824
523,523,523,2008-11-03T07:30:25.000Z,987312015,Democrat,0.9517995119094848,NEGATIVE,0.9793316125869752
524,524,524,2008-11-03T08:30:16.000Z,987349100,Democrat,0.9998887777328492,NEGATIVE,0.9951187372207642
525,525,525,2008-11-03T09:01:53.000Z,987369355,Democrat,0.999942183494568,POSITIVE,0.5260854959487915
526,526,526,2008-11-03T09:01:09.000Z,987368870,Republican,0.9964435696601868,NEGATIVE,0.9996472597122192
527,527,527,2008-11-03T09:01:06.000Z,987368830,Democrat,0.9999573230743408,POSITIVE,0.6503173112869263
528,528,528,2008-11-03T10:00:30.000Z,987406635,Republican,0.9998873472213744,NEGATIVE,0.9540821313858032
529,529,529,2008-11-03T11:02:02.000Z,987451145,Republican,0.6016508340835571,POSITIVE,0.9984392523765564
530,530,530,2008-11-03T12:02:16.000Z,987497250,Democrat,0.999996304512024,NEGATIVE,0.6337306499481201
531,531,531,2008-11-03T12:32:59.000Z,987523507,Republican,0.9900529980659484,NEGATIVE,0.9977878332138062
532,532,532,2008-11-03T12:30:43.000Z,987521406,Republican,0.9406964778900146,POSITIVE,0.999765694141388
533,533,533,2008-11-03T13:01:32.000Z,987550714,Republican,0.9999781847000122,NEGATIVE,0.9196786880493164
534,534,534,2008-11-03T13:31:29.000Z,987582502,Democrat,0.884476900100708,POSITIVE,0.9798715710639954
535,535,535,2008-11-03T14:02:08.000Z,987619221,Democrat,0.9995495676994324,NEGATIVE,0.6038817167282104
536,536,536,2008-11-03T14:00:46.000Z,987617421,Republican,0.9779877662658693,POSITIVE,0.9907399415969848
537,537,537,2008-11-03T14:00:38.000Z,987617231,Democrat,0.9996324777603148,POSITIVE,0.997900128364563
538,538,538,2008-11-03T14:00:27.000Z,987616984,Republican,0.9990587830543518,NEGATIVE,0.9706470966339112
539,539,539,2008-11-03T14:32:17.000Z,987658818,Republican,0.8218867778778076,POSITIVE,0.9553282856941224
540,540,540,2008-11-03T14:30:28.000Z,987656243,Democrat,0.9197044968605042,NEGATIVE,0.9814721345901488
541,541,541,2008-11-03T14:30:22.000Z,987656128,Republican,0.982084333896637,NEGATIVE,0.9865950345993042
542,542,542,2008-11-03T15:01:51.000Z,987700757,Democrat,0.99998676776886,POSITIVE,0.9970843195915222
543,543,543,2008-11-03T15:01:15.000Z,987699782,Republican,0.9999885559082032,NEGATIVE,0.9783211946487428
544,544,544,2008-11-03T15:00:07.000Z,987697896,Democrat,0.9666041135787964,POSITIVE,0.9974411725997924
545,545,545,2008-11-03T15:30:53.000Z,987743840,Republican,0.9985587000846864,NEGATIVE,0.9115920662879944
546,546,546,2008-11-03T15:30:48.000Z,987743754,Democrat,0.9999955892562866,NEGATIVE,0.8805811405181885
547,547,547,2008-11-03T16:01:25.000Z,987789798,Democrat,0.9999905824661256,POSITIVE,0.9595682621002196
548,548,548,2008-11-03T16:00:29.000Z,987788316,Republican,0.5506662130355835,POSITIVE,0.9995156526565552
549,549,549,2008-11-03T16:32:40.000Z,987834826,Democrat,0.9999898672103882,NEGATIVE,0.5345842838287354
550,550,550,2008-11-03T16:32:26.000Z,987834503,Republican,0.99619859457016,NEGATIVE,0.9980862140655518
551,551,551,2008-11-03T16:32:11.000Z,987834136,Republican,0.8768696784973145,NEGATIVE,0.9737415313720704
552,552,552,2008-11-03T16:32:11.000Z,987834128,Republican,0.747510552406311,NEGATIVE,0.7749083638191223
553,553,553,2008-11-03T16:30:43.000Z,987831980,Republican,0.9991771578788756,NEGATIVE,0.8323078155517578
554,554,554,2008-11-03T17:00:32.000Z,987875630,Democrat,0.9999929666519164,NEGATIVE,0.9792988300323486
555,555,555,2008-11-03T17:31:01.000Z,987919472,Republican,0.9999896287918092,NEGATIVE,0.9841977953910828
556,556,556,2008-11-03T17:30:34.000Z,987918778,Republican,0.9999723434448242,NEGATIVE,0.9923843741416932
557,557,557,2008-11-03T17:30:12.000Z,987918204,Republican,0.9812375903129578,NEGATIVE,0.9792705774307252
558,558,558,2008-11-03T18:00:42.000Z,987960949,Republican,0.9973713159561156,NEGATIVE,0.9314812421798706
559,559,559,2008-11-03T18:32:44.000Z,988005154,Republican,0.9984737038612366,NEGATIVE,0.9992823004722596
560,560,560,2008-11-03T18:32:14.000Z,988004523,Democrat,0.9999969005584716,POSITIVE,0.6080841422080994
561,561,561,2008-11-03T19:00:40.000Z,988043768,Republican,0.9975462555885316,NEGATIVE,0.9957281947135924
562,562,562,2008-11-03T19:00:00.000Z,988042610,Democrat,0.8911343812942505,NEGATIVE,0.973327338695526
563,563,563,2008-11-03T19:31:57.000Z,988092079,Republican,0.9994491934776306,NEGATIVE,0.9223543405532836
564,564,564,2008-11-03T19:30:23.000Z,988089394,Democrat,0.9999946355819702,NEGATIVE,0.9940133690834044
565,565,565,2008-11-03T19:30:02.000Z,988088696,Democrat,0.9999896287918092,POSITIVE,0.9843818545341492
566,566,566,2008-11-03T20:02:34.000Z,988135970,Republican,0.8229627013206482,POSITIVE,0.9919947385787964
567,567,567,2008-11-03T20:00:07.000Z,988132292,Republican,0.9999771118164062,POSITIVE,0.9823235273361206
568,568,568,2008-11-03T20:32:56.000Z,988177910,Republican,0.9995525479316713,POSITIVE,0.9948221445083618
569,569,569,2008-11-03T20:30:32.000Z,988174506,Republican,0.9994882345199584,NEGATIVE,0.9860680103302002
570,570,570,2008-11-03T20:30:05.000Z,988173810,Republican,0.7582045197486877,NEGATIVE,0.998371422290802
571,571,571,2008-11-03T21:01:01.000Z,988217545,Democrat,0.9999966621398926,POSITIVE,0.9993060827255248
572,572,572,2008-11-03T21:31:57.000Z,988260262,Democrat,0.9999654293060304,POSITIVE,0.9589009284973145
573,573,573,2008-11-03T21:31:49.000Z,988260054,Republican,0.9999821186065674,NEGATIVE,0.9765143394470216
574,574,574,2008-11-03T22:02:11.000Z,988304767,Republican,0.9802734851837158,POSITIVE,0.901256799697876
575,575,575,2008-11-03T22:02:12.000Z,988304747,Republican,0.9912817478179932,NEGATIVE,0.9968098998069764
576,576,576,2008-11-03T23:00:42.000Z,988383695,Republican,0.9991471767425536,POSITIVE,0.921440601348877
577,577,577,2008-11-03T02:32:30.000Z,987068206,Democrat,0.9999920129776,POSITIVE,0.9801740646362304
578,578,578,2008-11-03T02:31:11.000Z,987066938,Republican,0.783065915107727,NEGATIVE,0.9452940821647644
579,579,579,2008-11-04T00:00:28.000Z,988458998,Democrat,0.9999887943267822,POSITIVE,0.7541552186012268
580,580,580,2008-11-04T00:31:33.000Z,988497192,Democrat,0.9322600960731506,NEGATIVE,0.9888899326324464
581,581,581,2008-11-04T01:02:36.000Z,988535282,Republican,0.8619500994682312,NEGATIVE,0.9986088871955872
582,582,582,2008-11-04T01:02:14.000Z,988534802,Democrat,0.9999929666519164,POSITIVE,0.8619844913482666
583,583,583,2008-11-04T01:01:53.000Z,988534366,Democrat,0.9999903440475464,POSITIVE,0.7003527283668518
584,584,584,2008-11-04T01:00:54.000Z,988533117,Democrat,0.9998841285705566,POSITIVE,0.9997732043266296
585,585,585,2008-11-04T01:00:29.000Z,988532501,Republican,0.9994364380836488,POSITIVE,0.6832794547080994
586,586,586,2008-11-04T01:00:06.000Z,988531940,Republican,0.8114537000656128,POSITIVE,0.9774332642555236
587,587,587,2008-11-04T01:32:58.000Z,988572093,Democrat,0.8802483081817627,NEGATIVE,0.9913226366043092
588,588,588,2008-11-04T01:31:44.000Z,988570668,Republican,0.9995612502098083,NEGATIVE,0.9862807989120485
589,589,589,2008-11-04T01:31:11.000Z,988569967,Democrat,0.9999830722808838,POSITIVE,0.9866987466812134
590,590,590,2008-11-04T01:30:54.000Z,988569628,Democrat,0.9999945163726808,POSITIVE,0.9988057613372804
591,591,591,2008-11-04T01:30:36.000Z,988569240,Republican,0.9990707635879515,NEGATIVE,0.9908506274223328
592,592,592,2008-11-04T02:02:47.000Z,988608783,Republican,0.996215045452118,NEGATIVE,0.9840145707130432
593,593,593,2008-11-04T02:02:45.000Z,988608718,Republican,0.999863624572754,NEGATIVE,0.9985733032226562
594,594,594,2008-11-04T02:02:39.000Z,988608605,Democrat,0.9999970197677612,NEGATIVE,0.999716341495514
595,595,595,2008-11-04T02:02:30.000Z,988608442,Democrat,0.9942190647125244,NEGATIVE,0.9830679297447203
596,596,596,2008-11-04T02:02:18.000Z,988608189,Republican,0.931161403656006,POSITIVE,0.9997013211250304
597,597,597,2008-11-04T02:02:03.000Z,988607886,Republican,0.6366709470748901,POSITIVE,0.8857070207595825
598,598,598,2008-11-04T02:02:01.000Z,988607831,Republican,0.9789878129959106,NEGATIVE,0.9993140697479248
599,599,599,2008-11-04T02:01:58.000Z,988607766,Republican,0.9998786449432372,NEGATIVE,0.99014812707901
600,600,600,2008-11-04T02:01:55.000Z,988607683,Republican,0.979631245136261,POSITIVE,0.9991812109947203
601,601,601,2008-11-04T02:01:38.000Z,988607306,Democrat,0.9999916553497314,NEGATIVE,0.9384479522705078
602,602,602,2008-11-04T02:01:37.000Z,988607298,Democrat,0.9999971389770508,POSITIVE,0.9996652603149414
603,603,603,2008-11-04T02:00:47.000Z,988606240,Democrat,0.9999938011169434,POSITIVE,0.9946462512016296
604,604,604,2008-11-04T02:00:22.000Z,988605701,Republican,0.6968595385551453,NEGATIVE,0.8967906832695007
605,605,605,2008-11-04T02:30:51.000Z,988642752,Republican,0.9743923544883728,NEGATIVE,0.9233207106590272
606,606,606,2008-11-04T02:30:46.000Z,988642648,Republican,0.9979360103607178,NEGATIVE,0.9888731837272644
607,607,607,2008-11-04T03:02:16.000Z,988684463,Democrat,0.9999960660934448,NEGATIVE,0.9953806400299072
608,608,608,2008-11-04T03:00:54.000Z,988682587,Republican,0.9998075366020204,POSITIVE,0.6891504526138306
609,609,609,2008-11-04T03:00:54.000Z,988682570,Democrat,0.999306321144104,NEGATIVE,0.751571536064148
610,610,610,2008-11-04T03:00:45.000Z,988682381,Republican,0.9998778104782104,NEGATIVE,0.9472572207450868
611,611,611,2008-11-04T03:32:44.000Z,988723961,Republican,0.9982306361198424,NEGATIVE,0.991903841495514
612,612,612,2008-11-04T03:32:17.000Z,988723405,Republican,0.9967247843742372,NEGATIVE,0.9947006702423096
613,613,613,2008-11-04T03:31:56.000Z,988722932,Democrat,0.9999966621398926,POSITIVE,0.9842711091041564
614,614,614,2008-11-04T03:31:50.000Z,988722807,Republican,0.8495294451713562,NEGATIVE,0.9990931749343872
615,615,615,2008-11-04T03:31:25.000Z,988722298,Democrat,0.9992662072181702,POSITIVE,0.9609343409538268
616,616,616,2008-11-04T04:02:17.000Z,988757410,Democrat,0.9999724626541138,POSITIVE,0.7735571265220642
617,617,617,2008-11-04T04:01:35.000Z,988756625,Democrat,0.9998581409454346,POSITIVE,0.9879531264305116
618,618,618,2008-11-04T04:00:32.000Z,988755415,Democrat,0.999045193195343,POSITIVE,0.9842454791069032
619,619,619,2008-11-04T04:00:13.000Z,988755020,Democrat,0.7812677621841431,POSITIVE,0.982043445110321
620,620,620,2008-11-04T04:31:10.000Z,988788941,Democrat,0.9986076951026917,POSITIVE,0.9955880641937256
621,621,621,2008-11-04T05:02:10.000Z,988820129,Democrat,0.9998400211334229,NEGATIVE,0.9871784448623656
622,622,622,2008-11-04T05:00:44.000Z,988818694,Democrat,0.9999319314956664,POSITIVE,0.9995075464248656
623,623,623,2008-11-04T05:00:39.000Z,988818615,Democrat,0.9998252987861632,NEGATIVE,0.9951831698417664
624,624,624,2008-11-04T05:00:28.000Z,988818417,Republican,0.999234676361084,NEGATIVE,0.6254404783248901
625,625,625,2008-11-04T05:00:28.000Z,988818413,Democrat,0.9999676942825316,POSITIVE,0.8995241522789001
626,626,626,2008-11-04T05:31:39.000Z,988848091,Democrat,0.9992715716362,POSITIVE,0.66013103723526
627,627,627,2008-11-04T06:00:23.000Z,988873293,Republican,0.9983952641487122,POSITIVE,0.8611278533935547
628,628,628,2008-11-04T07:01:48.000Z,988920457,Republican,0.8218966722488403,POSITIVE,0.9936822652816772
629,629,629,2008-11-04T07:00:44.000Z,988919710,Republican,0.5868337154388428,NEGATIVE,0.9832319021224976
630,630,630,2008-11-04T07:31:07.000Z,988940873,Republican,0.9743923544883728,NEGATIVE,0.9233207106590272
631,631,631,2008-11-04T07:31:00.000Z,988940778,Republican,0.9979360103607178,NEGATIVE,0.9888731837272644
632,632,632,2008-11-04T08:32:40.000Z,988983983,Democrat,0.7402876615524292,NEGATIVE,0.949637770652771
633,633,633,2008-11-04T10:02:21.000Z,989051978,Democrat,0.9999709129333496,POSITIVE,0.9935091137886048
634,634,634,2008-11-04T10:00:46.000Z,989050781,Republican,0.9693976640701294,NEGATIVE,0.9885835647583008
635,635,635,2008-11-04T10:00:34.000Z,989050648,Republican,0.95468932390213,NEGATIVE,0.9955065250396729
636,636,636,2008-11-04T10:32:44.000Z,989075549,Republican,0.9999017715454102,NEGATIVE,0.9811084866523744
637,637,637,2008-11-04T11:00:45.000Z,989097344,Democrat,0.9825572371482848,NEGATIVE,0.9987890124320984
638,638,638,2008-11-04T11:00:38.000Z,989097259,Republican,0.9776909351348876,NEGATIVE,0.8928596377372742
639,639,639,2008-11-04T11:00:14.000Z,989096882,Republican,0.997334361076355,NEGATIVE,0.9716929793357848
640,640,640,2008-11-04T11:30:26.000Z,989123631,Republican,0.9857138395309448,POSITIVE,0.997475564479828
641,641,641,2008-11-04T12:00:14.000Z,989154463,Republican,0.9919943809509276,POSITIVE,0.7085041403770447
642,642,642,2008-11-04T12:31:46.000Z,989192755,Republican,0.8751575350761414,POSITIVE,0.9986190795898438
643,643,643,2008-11-04T12:30:30.000Z,989191163,Democrat,0.9999498128890992,NEGATIVE,0.9200055599212646
644,644,644,2008-11-04T13:02:40.000Z,989233818,Democrat,0.999855637550354,NEGATIVE,0.9239138960838318
645,645,645,2008-11-04T13:02:25.000Z,989233370,Democrat,0.999995231628418,NEGATIVE,0.8580966591835022
646,646,646,2008-11-04T13:32:09.000Z,989277523,Republican,0.8459827303886414,POSITIVE,0.9985169768333436
647,647,647,2008-11-04T14:00:26.000Z,989323103,Democrat,0.9999969005584716,NEGATIVE,0.9995742440223694
648,648,648,2008-11-04T14:31:56.000Z,989377078,Democrat,0.9145761132240297,POSITIVE,0.958516240119934
649,649,649,2008-11-04T15:02:48.000Z,989432989,Democrat,0.9760372638702391,POSITIVE,0.9950730204582214
650,650,650,2008-11-04T15:02:21.000Z,989432106,Democrat,0.9554015398025512,NEGATIVE,0.997952938079834
651,651,651,2008-11-04T15:30:25.000Z,989484528,Democrat,0.9972699284553528,NEGATIVE,0.9198922514915466
652,652,652,2008-11-04T16:02:52.000Z,989545959,Democrat,0.5630310773849487,NEGATIVE,0.9977148771286012
653,653,653,2008-11-04T16:02:29.000Z,989545167,Republican,0.7492683529853821,NEGATIVE,0.9994014501571656
654,654,654,2008-11-04T16:02:28.000Z,989545126,Democrat,0.9989748001098632,POSITIVE,0.9457213282585144
655,655,655,2008-11-04T16:01:37.000Z,989543652,Republican,0.9614115357398988,POSITIVE,0.9993332028388976
656,656,656,2008-11-04T16:00:34.000Z,989541569,Republican,0.9999133348464966,NEGATIVE,0.99666166305542
657,657,657,2008-11-04T16:32:17.000Z,989601904,Republican,0.9999854564666748,NEGATIVE,0.9799497723579408
658,658,658,2008-11-04T16:31:31.000Z,989600490,Republican,0.6652344465255737,POSITIVE,0.9941262006759644
659,659,659,2008-11-04T16:31:21.000Z,989600128,Democrat,0.5584943294525146,POSITIVE,0.8763482570648193
660,660,660,2008-11-04T17:02:59.000Z,989659115,Republican,0.9999645948410034,NEGATIVE,0.9970176219940186
661,661,661,2008-11-04T17:00:48.000Z,989654977,Republican,0.9973176121711732,NEGATIVE,0.9971097111701964
662,662,662,2008-11-04T17:00:11.000Z,989653826,Democrat,0.9803289175033568,NEGATIVE,0.9979866743087769
663,663,663,2008-11-04T17:32:28.000Z,989710641,Democrat,0.999948501586914,POSITIVE,0.9887025356292723
664,664,664,2008-11-04T17:32:28.000Z,989710614,Democrat,0.9999927282333374,NEGATIVE,0.5452755689620972
665,665,665,2008-11-04T17:31:46.000Z,989709560,Democrat,0.9998069405555724,NEGATIVE,0.950590431690216
666,666,666,2008-11-04T17:30:35.000Z,989707486,Democrat,0.9441652297973632,NEGATIVE,0.9936327338218688
667,667,667,2008-11-04T17:30:31.000Z,989707364,Republican,0.9998676776885986,POSITIVE,0.9372156858444214
668,668,668,2008-11-04T17:30:11.000Z,989706676,Democrat,0.9999961853027344,NEGATIVE,0.9981677532196044
669,669,669,2008-11-04T18:00:53.000Z,989759950,Republican,0.997335970401764,POSITIVE,0.960480809211731
670,670,670,2008-11-04T19:02:56.000Z,989861818,Democrat,0.9926995635032654,NEGATIVE,0.878695011138916
671,671,671,2008-11-04T19:01:15.000Z,989858924,Democrat,0.99879789352417,NEGATIVE,0.9875785708427428
672,672,672,2008-11-04T19:32:51.000Z,989914640,Republican,0.9998308420181274,NEGATIVE,0.9975827932357788
673,673,673,2008-11-04T19:32:47.000Z,989914548,Republican,0.9993517994880676,POSITIVE,0.9982004165649414
674,674,674,2008-11-04T19:31:31.000Z,989912314,Republican,0.9999889135360718,NEGATIVE,0.8506870269775391
675,675,675,2008-11-04T19:30:31.000Z,989910469,Democrat,0.999996304512024,NEGATIVE,0.9968088269233704
676,676,676,2008-11-04T20:02:58.000Z,989968303,Democrat,0.999890923500061,POSITIVE,0.9998492002487184
677,677,677,2008-11-04T20:02:16.000Z,989967128,Democrat,0.9997740387916564,NEGATIVE,0.979314923286438
678,678,678,2008-11-04T20:02:10.000Z,989967012,Republican,0.996769905090332,NEGATIVE,0.9978774785995485
679,679,679,2008-11-04T20:02:09.000Z,989966892,Democrat,0.9997740387916564,NEGATIVE,0.979314923286438
680,680,680,2008-11-04T20:01:56.000Z,989966612,Democrat,0.9997740387916564,NEGATIVE,0.979314923286438
681,681,681,2008-11-04T20:01:40.000Z,989966154,Democrat,0.9997740387916564,NEGATIVE,0.979314923286438
682,682,682,2008-11-04T20:00:52.000Z,989964693,Republican,0.9999079704284668,NEGATIVE,0.9957363605499268
683,683,683,2008-11-04T20:00:43.000Z,989964439,Republican,0.9923948049545288,POSITIVE,0.8464460372924805
684,684,684,2008-11-04T20:00:34.000Z,989964172,Democrat,0.999974012374878,NEGATIVE,0.992377758026123
685,685,685,2008-11-04T20:00:30.000Z,989964034,Democrat,0.999995231628418,POSITIVE,0.9218635559082032
686,686,686,2008-11-04T20:32:59.000Z,990016934,Democrat,0.9997740387916564,NEGATIVE,0.979314923286438
687,687,687,2008-11-04T20:32:41.000Z,990016469,Republican,0.7975949048995972,NEGATIVE,0.8880468606948853
688,688,688,2008-11-04T20:32:22.000Z,990015964,Democrat,0.9999897480010986,NEGATIVE,0.8724669814109802
689,689,689,2008-11-04T20:31:08.000Z,990013917,Republican,0.7634140849113464,POSITIVE,0.9753818511962892
690,690,690,2008-11-04T20:30:57.000Z,990013611,Republican,0.7291713356971741,NEGATIVE,0.893073320388794
691,691,691,2008-11-04T20:30:36.000Z,990012920,Democrat,0.9999948740005492,POSITIVE,0.9987416863441468
692,692,692,2008-11-04T20:30:28.000Z,990012708,Republican,0.9999788999557496,NEGATIVE,0.9980611205101012
693,693,693,2008-11-04T21:02:49.000Z,990064409,Republican,0.84271639585495,NEGATIVE,0.9937984347343444
694,694,694,2008-11-04T21:02:14.000Z,990063276,Democrat,0.9931002855300904,POSITIVE,0.9831978678703308
695,695,695,2008-11-04T21:01:47.000Z,990062634,Democrat,0.5814710855484009,NEGATIVE,0.99959796667099
696,696,696,2008-11-04T21:32:11.000Z,990110836,Democrat,0.9991440773010254,POSITIVE,0.9998494386672974
697,697,697,2008-11-04T21:31:51.000Z,990110289,Republican,0.9999786615371704,POSITIVE,0.8624918460845947
698,698,698,2008-11-04T22:02:39.000Z,990159907,Democrat,0.9999868869781494,POSITIVE,0.9456993937492372
699,699,699,2008-11-04T22:02:36.000Z,990159844,Democrat,0.9999868869781494,POSITIVE,0.9456993937492372
700,700,700,2008-11-04T22:02:18.000Z,990159364,Republican,0.9999619722366332,NEGATIVE,0.9979471564292908
701,701,701,2008-11-04T22:01:41.000Z,990158287,Democrat,0.9997304081916808,NEGATIVE,0.9823435544967652
702,702,702,2008-11-04T22:00:29.000Z,990156278,Republican,0.9969182014465332,POSITIVE,0.9933765530586244
703,703,703,2008-11-04T22:32:09.000Z,990206170,Democrat,0.9999947547912598,NEGATIVE,0.9836987257003784
704,704,704,2008-11-04T22:31:19.000Z,990204845,Republican,0.9998645782470704,NEGATIVE,0.9581194519996644
705,705,705,2008-11-04T23:02:36.000Z,990254471,Republican,0.9999810457229614,NEGATIVE,0.6306071877479553
706,706,706,2008-11-04T23:01:24.000Z,990252532,Democrat,0.9934661984443665,POSITIVE,0.9863265752792358
707,707,707,2008-11-04T23:00:31.000Z,990250992,Republican,0.9998501539230348,NEGATIVE,0.8828688263893127
708,708,708,2008-11-04T23:00:29.000Z,990250959,Democrat,0.999996781349182,NEGATIVE,0.8488163948059082
709,709,709,2008-11-04T23:32:55.000Z,990302437,Democrat,0.9999959468841552,NEGATIVE,0.8578631281852722
710,710,710,2008-11-04T23:32:42.000Z,990302071,Republican,0.9999884366989136,NEGATIVE,0.9987082481384276
711,711,711,2008-11-04T23:31:01.000Z,990299267,Democrat,0.9768468737602234,NEGATIVE,0.9975569248199464
712,712,712,2008-11-04T23:30:32.000Z,990298501,Republican,0.9999005794525146,NEGATIVE,0.9817618131637572
